"main_category_code","main_category_name","sub_category_code","sub_category_name","commodity_code","commodity_name"
"0117","Vegetables","01171","Leaf and stem vegetables (fresh, chilled or frozen)","0117101","Ademe/Ayoyo (jute mallow)"
"0117","Vegetables","01171","Leaf and stem vegetables (fresh, chilled or frozen)","0117102","Alefu (Amaranthus)"
"0113","Fish","01131","Fresh, chilled or frozen fish","0113101","Anchovy"
"0116","Fruits","01165","Stone fruits (fresh, chilled or frozen)","0116505","Avocado Pear"
"0117","Vegetables","01173","Vegetable cultivated for their fruit (fresh, chilled or frozen)","0117314","Bambara Bean"
"0116","Fruits","01162","Bananas (fresh, chilled or frozen)","0116201","Banana (Exotic)"
"0116","Fruits","01162","Bananas (fresh, chilled or frozen)","0116202","Banana (Local)"
"0112","Meat","01121","Fresh, chilled or frozen meat of bovine animals","0112102","Beef"
"0117","Vegetables","01172","Cabbages (fresh or chilled or frozen)","0117202","Cabbage"
"0117","Vegetables","01174","Root crops, non-starchy bulbs and mushrooms (fresh, chilled or frozen)","0117402","Carrot"
"0117","Vegetables","01178","Other tubers and products of tuber vegetables","0117801","Cassava"
"0111","Bread and Cereals","01112","Other cereals","0111203","Cassava Dough"
"0112","Meat","01123","Fresh, chilled or frozen meat of sheep and goat","0112302","Chevon (Goat meat)"
"0112","Meat","01124","Fresh, chilled or frozen meat of poultry","0112401","Chicken"
"0116","Fruits","01167","Other tropical fruits (fresh, chilled or frozen)","0116702","Coconut (Fresh)"
"0115","Oils and Fats","01154","Edible oils","0115101","Coconut Oil"
"0117","Vegetables","01178","Other tubers and products of tuber vegetables","0117802","Cocoyam"
"0111","Bread and Cereals","01111","Other cereals","0111204","Corn Dough"
"0116","Fruits","01165","Stone fruits (fresh, chilled or frozen)","0116518","Cowpea (White)"
"0111","Bread and Cereals (ND)","01116","Other cereals","0111601","Dried Cassava Chips (Kokonte)"
"0111","Bread and Cereals (ND)","01116","Other cereals","0111602","Dried Cassava Powder (kokonte)"
"0117","Vegetables","01173","Vegetable cultivated for their fruit (fresh, chilled or frozen)","0117301","Dried Pepper (eg. Legon 18)"
"0114","Milk, Cheese and Eggs","01174","Whole milk","0114101","Fresh Cow Milk"
"0113","Fish","01131","Fresh, chilled or frozen fish","0113102","Fresh Kpanla Fish"
"0117","Vegetables","01173","Vegetable cultivated for their fruit (fresh, chilled or frozen)","0117308","Fresh Pepper (eg. Legon 18)"
"0117","Vegetables","01173","Vegetable cultivated for their fruit (fresh, chilled or frozen)","0117309","Fresh Pepper (Bonnet)"
"0113","Fish","01131","Fresh, chilled or frozen fish","0113105","Fresh Salmon (Mackerel) Fish"
"0113","Fish","01131","Fresh, chilled or frozen fish","0113106","Fresh Red Fish"
"0117","Vegetables","01173","Vegetable cultivated for their fruit (fresh, chilled or frozen)","0117313","Garden Egg"
"0111","Bread and Cereals (ND)","01116","Other cereals","0111603","Gari"
"0119","Food Products","01192","Salt, spices and culinary herbs","0119201","Ginger"
"0116","Fruits","01168","Dried fruits and nuts","0116801","Groundnut (Red)"
"0115","Oils and Fats","01154","Edible oils","0115401","Groundnut Oil"
"0117","Vegetables","01171","Leaf and stem vegetables (fresh, chilled or frozen)","0117103","Lettuce"
"0111","Bread and Cereals (ND)","01112","Bread and cereals","0111201","Maize (White)"
"0111","Bread and Cereals (ND)","01112","Bread and cereals","0111202","Maize (Yellow)"
"0113","Fish","01133","Dried, smoked or salted fish and seafood","0113301","Kako"
"0116","Fruits","01165","Stone fruits (fresh, chilled or frozen)","0116506","Mango (Exotic)"
"0116","Fruits","01165","Stone fruits (fresh, chilled or frozen)","0116507","Mango (Local)"
"0116","Fruits","01165","Stone fruits (fresh, chilled or frozen)","0116508","Melon seeds (agushi/neri) Bowl"
"0116","Fruits","01165","Stone fruits (fresh, chilled or frozen)","0116509","Melon seeds (agushi/neri) Powder"
"0116","Fruits","01165","Stone fruits (fresh, chilled or frozen)","0116510","Melon seeds (agushi/neri)"
"0116","Fruits","01165","Stone fruits (fresh, chilled or frozen)","0116511","Melon seeds (Agushi)"
"0116","Fruits","01165","Stone fruits (fresh, chilled or frozen)","0116512","Melon seeds (Neri)"
"0116","Fruits","01165","Stone fruits (fresh, chilled or frozen)","0116513","Melon seeds (Neri) Powder"
"0111","Bread and Cereals","01116","Other cereals","0111604","Millet"
"0112","Meat","01121","Fresh, chilled or frozen meat of bovine animals","0112103","Mutton (Sheep meat)"
"0117","Vegetables","01171","Leaf and stem vegetables (fresh, chilled or frozen)","0117112","Nkontomire"
"0117","Vegetables","01173","Vegetable cultivated for their fruit (fresh, chilled or frozen)","0117307","Okro (Dried)"
"0117","Vegetables","01173","Vegetable cultivated for their fruit (fresh, chilled or frozen)","0117310","Okro (Fresh)"
"0117","Vegetables","01173","Vegetable cultivated for their fruit (fresh, chilled or frozen)","0117311","Onion"
"0116","Fruits","01165","Stone fruits (fresh, chilled or frozen)","0116517","Orange"
"0116","Fruits","01165","Stone fruits (fresh, chilled or frozen)","0116514","Palm Fruit"
"0115","Oils and Fats","01152","Margarine and other vegetable fats","0115201","Palm Oil"
"0117","Vegetables","01173","Vegetable cultivated for their fruit (fresh, chilled or frozen)","0117312","Pawpaw"
"0116","Fruits","01165","Stone fruits (fresh, chilled or frozen)","0116516","Pineapple"
"0116","Fruits","01178","Other tubers and products of tuber vegetables","0117809","Plantain (Apem)"
"0116","Fruits","01178","Other tubers and products of tuber vegetables","0117803","Plantain (Apentu)"
"0116","Fruits","01178","Other tubers and products of tuber vegetables","0117804","Plantain (Riped)"
"0112","Meat","01121","Fresh, chilled or frozen meat of bovine animals","0112101","Pork"
"0111","Bread and Cereals","01111","Rice","0111104","Rice Imported (non perfumed)"
"0111","Bread and Cereals","01111","Rice","0111105","Rice Imported (perfumed)"
"0111","Bread and Cereals","01111","Rice","0111106","Rice Local (non perfumed)"
"0111","Bread and Cereals","01111","Rice","0111107","Rice Local (perfumed)"
"0113","Fish","01131","Dried, smoked or salted fish and seafood","0113104","Salted Dried Tilapia (Koobi)"
"0113","Fish","01131","Dried, smoked or salted fish and seafood","0113103","Smoked Herring"
"0113","Fish","01132","Fresh, chilled or frozen seafood","0113201","Snail"
"0111","Bread and Cereals","01111","Rice","0111108","Sorghum"
"0111","Bread and Cereals","01111","Rice","0111109","Soya Bean"
"0117","Vegetables","01178","Other tubers and products of tuber vegetables","0117805","Sweet Potato (general:white and pinkish)"
"0117","Vegetables","01178","Other tubers and products of tuber vegetables","0117806","Sweet Potato (Orange)"
"0117","Vegetables","01173","Vegetable cultivated for their fruit (fresh, chilled or frozen)","0117302","Tomato (Local)"
"0117","Vegetables","01168","Dried fruits and nuts","0116802","Tiger Nut"
"0117","Vegetables","01173","Vegetable cultivated for their fruit (fresh, chilled or frozen)","0117303","Tomato (Navrongo)"
"0117","Vegetables","01168","Dried fruits and nuts","0116803","Unshelled Groundnut"
"0117","Vegetables","01167","Other tropical fruits (fresh, chilled or frozen)","0116701","Watermelon"
"0117","Vegetables","01178","Other tubers and products pf tuber vegetables","0117807","Yam (Puna)"
"0117","Vegetables","01178","Other tropical fruits (fresh, chilled or frozen)","0117808","Yam (White)"
