region,district,year,crop_category,maize,rice,sorghum,cassava,yam,cocoyam,plantain,millet,cowpea,soyabean,groundnut,tomato,pepper,garden egg,okro,lettuce,onion,cucumber,cabbage,watermelon,carrot,sweet_potato
Western,Sekondi-Takoradi,2019,major,1051,,,927,25,14,239,,,,,,,,,,,,,,,
Western,Effia Kwesimintsim,2019,major,960,,,798,10,5,124,,,,,,,,,,,,,,,
Western,Shama ,2019,major,2298,676,,1609,20,19,321,,,,,,,,,,,,,,,
Western,Ahanta West,2019,major,2116,0,,4473,35,200,413,,,,,,,,,,,,,,,
Western,Wassa East,2019,major,1954,681,,7644,208,1727,1931,,,,,,,,,,,,,,,
Western,Mporhor ,2019,major,2852,316,,3858,84,911,1275,,,,,,,,,,,,,,,
Western,Tarkwa Nsuaem,2019,major,2651,1263,,3815,193,391,780,,,,,,,,,,,,,,,
Western,Prestea Huni-Valley,2019,major,2627,1348,,3243,124,281,661,,,,,,,,,,,,,,,
Western,Nzema East,2019,major,2245,586,,5039,40,157,390,,,,,,,,,,,,,,,
Western,Ellembele,2019,major,1916,1127,,6056,25,62,362,,,,,,,,,,,,,,,
Western,Jomoro,2019,major,1810,1605,,4944,25,234,413,,,,,,,,,,,,,,,
Western,Amenfi East,2019,major,13232,1687,,6020,777,1503,7024,,,,,,,,,,,,,,,
Western,Amenfi  West ,2019,major,13328,1718,,4386,644,1197,3895,,,,,,,,,,,,,,,
Western,Amenfi  Central,2019,major,7323,1795,,1903,119,906,2849,,,,,,,,,,,,,,,
Central,Upper Denkyira East,2019,major,7180,1278,,6638,557,1707,3506,,,,,,,,,,,,,,,
Central,Upper Denkyira West,2019,major,4675,118,,6512,342,3506,3976,,,,,,,,,,,,,,,
Central,Twifo-Herman/L. Denkyira,2019,major,2547,96,,4035,104,336,1442,,,,,,,,,,,,,,,
Central,Twifo Atti Morkwa,2019,major,2546,96,,4035,104,336,1442,,,,,,,,,,,,,,,
Central,Assin South,2019,major,5270,542,,5822,90,874,2714,,,,,,,,,,,,,,,
Central,Assin North,2019,major,6607,507,,5895,190,902,2053,,,,,,,,,,,,,,,
Central,Assin Central,2019,major,2831,217,,2526,82,386,880,,,,,,,,,,,,,,,
Central,Abura-Asebu-Kwamankese,2019,major,5838,,,6842,649,683,1651,,,,,,,,,,,,,,,
Central,Asikuma-Odoben-Brakwa,2019,major,5064,,,6258,22,55,617,,,,,,,,,,,,,,,
Central,Mfantsiman,2019,major,3195,12,,6037,,,217,,,,,,,,,,,,,,,
Central,Komenda-Edina-Eguafo-Abirem,2019,major,13524,,,17749,,,634,,,,,,,,,,,,,,,
Central,Ajumako-Enyan-Esiam,2019,major,5968,,,8488,554,957,862,,,,,,,,,,,,,,,
Central,Effutu (Winneba),2019,major,6966,,,10513,54,,17,,,,,,,,,,,,,,,
Central,Ekumfi,2019,major,3194,12,,6037,,,217,,,,,,,,,,,,,,,
Central,Awutu-Senya East,2019,major,3047,,,7621,46,,37,,,,,,,,,,,,,,,
Central,Awutu-Senya West,2019,major,7111,,,17781,106,,85,,,,,,,,,,,,,,,
Central,Gomoa East,2019,major,2636,,,4734,32,,703,,,,,,,,,,,,,,,
Central,Gomoa West,2019,major,2143,,,3896,15,,53,,,,,,,,,,,,,,,
Central,Gomoa Central,2019,major,2143,,,1670,6,,23,,,,,,,,,,,,,,,
Central,Cape Coast,2019,major,2772,,,8071,0,,166,,,,,,,,,,,,,,,
Central,Agona East,2019,major,3070,,,4933,219,85,2079,,,,,,,,,,,,,,,
Central,Agona West,2019,major,3146,,,3941,149,77,2092,,,,,,,,,,,,,,,
Greater Accra,Shai Osudoku,2019,major,2635,3810,,1589,,,,,,,,,866,,,,,,,,,
Greater Accra,Ningo Prampram,2019,major,889,236,,28,,,,,,,,312,731,,1292,,78,,,616,,
Greater Accra,Ashaiman,2019,major,22,16,,0,,,,,,,,,,,10,,30,,,,,
Greater Accra,Kpone Katamanso,2019,major,513,,,63,,,,,,,,48,358,,68,,174,36,46,,,
Greater Accra,Ada East,2019,major,88,,,706,,,,,,,,2120,1021,,,2,,3,,310,43,
Greater Accra,Ada West,2019,major,345,,,382,,,,,,,,5765,2747,,,,123,,,794,,
Greater Accra,Ga East,2019,major,191,,,89,,,,,,,,,112,,16,,,170,14,,12,
Greater Accra,Ga West,2019,major,415,,,592,,,,,,,,,,,300,,,,,,,
Greater Accra,Ga South,2019,major,2768,,,1203,,,,,,,,1032,2191,51,353,,15,,7,,,
Greater Accra,Ga North,2019,major,124,78,,46,,,,,,,,,15,,42,3,2,2,28,,1,
Greater Accra,Ga Central,2019,major,18,,,2,,,,,,,,,5,,,,1,,,,,
Greater Accra,Weija-Gbawe,2019,major,4,,,3,,,,,,,,,,,,,4,,,,,
Greater Accra,Ablekuma West,2019,major,5,,,,,,,,,,,,,,,,,,,,,
Greater Accra,Ablekuma North,2019,major,7,,,,,,,,,,,,,,,,,,,,,
Greater Accra,Ablekuma Central,2019,major,3,,,,,,,,,,,,,,,,,,,,,
Greater Accra,Adentan,2019,major,43,,,4,,,,,,,,18,4,,12,,23,10,19,,6,
Greater Accra,Ledzokuku,2019,major,5,,,,,,,,,,,4,,,,,2,,,,,
Greater Accra,Krowor,2019,major,,,,,,,,,,,,,,,,,,,,,,
Greater Accra,Tema,2019,major,183,,,,,,,,,,,59,42,,51,,191,,23,,,
Greater Accra,La-Nkwantanang-Madina,2019,major,194,,,40,,,,,,,,7,12,,,,,,,,,
Greater Accra,Accra,2019,major,,,,,,,,,,,,,,,,3,,,2,,,
Greater Accra,Korle-Klottey,2019,major,5,,,,,,,,,,,,,,,,,,,,,
Greater Accra,Ayawaso East,2019,major,6,,,,,,,,,,,1,1,,,,,,,,,
Greater Accra,Ayawaso West,2019,major,21,,,3,,,,,,,,6,3,,1,17,2,3,8,,,
Greater Accra,Ayawaso North,2019,major,,,,,,,,,,,,,,,,,,,,,,
Greater Accra,Ayawaso Central,2019,major,,,,,,,,,,,,,,,,,,,,,,
Greater Accra,Okaikoi North,2019,major,12,,,10,,,,,,,,4,2,3,6,4,1,,6,,,
Greater Accra,La Dade-Kotopon,2019,major,50,,,,,,,,,,,0,10,,,,,,,,,
Greater Accra,Tema West,2019,major,152,,,,,,,,,,,105,82,,26,,86,,6,,,
Volta,North Tongu,2019,major,1630,2617,,2300,,,,,103,,,,,,,,,,,,,
Volta,South Tongu,2019,major,1450,2891,,1898,,,,,83,,,,,,,,,,,,,
Volta,Central Tongu,2019,major,2621,275,,1742,,,,,72,,,,,,,,,,,,,
Volta,Akatsi North ,2019,major,1658,1585,,1501,,,,,0,,,,,,,,,,,,,
Volta,Akatsi South,2019,major,1915,1810,,1770,,,,,1134,,,,,,,,,,,,,
Volta,Keta Municipal,2019,major,1227,429,,1489,,,,,632,,,,,,,,,,,,,
Volta,Ketu North,2019,major,2888,7907,,7878,,,,,998,,,,,,,,,,,,,
Volta,Ketu South,2019,major,1525,590,,2503,,,,,,,,,,,,,,,,,,
Volta,Kpando Municipal,2019,major,1845,1584,,1835,1282,118,316,,,,,,,,,,,,,,,
Volta,North Dayi,2019,major,1948,641,,1500,845,141,371,,,,,,,,,,,,,,,
Volta,South Dayi,2019,major,2581,1324,,1908,778,251,382,,,,,,,,,,,,,,,
Volta,Hohoe Municipal,2019,major,5646,7468,,5989,435,1386,687,,,,,,,,,,,,,,,
Volta,Afadzato South,2019,major,3823,2227,,3973,1136,242,425,,,,,,,,,,,,,,,
Volta,Ho Municipal,2019,major,2105,1313,,3802,4882,599,478,,,,,,,,,,,,,,,
Volta,Ho West,2019,major,2291,1105,,3286,1142,361,444,,315,,,,,,,,,,,,,
Volta,Adaklu,2019,major,2212,1121,,1304,612,116,112,,,,,,,,,,,,,,,
Volta,Agortime- Ziope,2019,major,2379,881,209,1514,220,108,131,,,,180,,,,,,,,,,,
Volta,Anloga,2019,major,127,29,408,189,,,,,,,,,,,,,,,,,,
Oti,Jasikan,2019,major,2582,4810,-,7980,841,1302,3214,,,,,,,,,,,,,,,
Oti,Biakoye,2019,major,2801,3881,-,6920,1190,1535,1128,,,,,,,,,,,,,,,
Oti,Kadjebi,2019,major,3870,3700,212,4920,1165,1630,2661,,,,,,,,,,,,,,,
Oti,Nkwanta North,2019,major,3809,3404,408,1744,2098,687,332,,672,431,853,,,,,,,,,,,
Oti,Nkwanta South,2019,major,3754,2662,557,1885,4920,741,283,,748,463,,,,,,,,,,,,
Oti,Krachi West,2019,major,1992,2420,2420,8997,4450,231,274,,171,1380,1660,,,,,,,,,,,
Oti,Krachi East,2019,major,2176,1991,1531,6751,4972,351,213,,261,1414,839,,,,,,,,,,,
Oti,Krachi Nchumuru,2019,major,1799,1791,1310,4537,4666,181,163,,,,,,,,,,,,,,,
Eastern,Birim South,2019,major,5651,1619,6874,354,1751,,3606,,,,,,,,,,,,,,,
Eastern,Birim Central,2019,major,4174,1174,4815,248,1177,,2454,,,,,,,,,,,,,,,
Eastern,West Akim,2019,major,8092,14,9243,742,690,,5326,,,,,,,,,,,,,,,
Eastern,UpperWest Akim,2019,major,6677,15,7664,615,558,,4395,,,,,,,,,,,,,,,
Eastern,Suhum ,2019,major,4298,0,5809,99,302,,3501,,,,,,,,,,,,,,,
Eastern,Ayensuano,2019,major,5121,0,7351,121,277,,5136,,8,,11,,,,,,,,,,,
Eastern,Akuapim South,2019,major,2136,0,2625,70,95,,517,,32,,,,,,,,,,,,,
Eastern,Nsawam Adoagyiri,2019,major,4088,0,5106,129,183,,1019,,73,,,,,,,,,,,,,
Eastern,Akuapim North,2019,major,4496,0,6771,68,152,,802,,,,,,,,,,,,,,,
Eastern,New Juaben,2019,major,5021,0,5395,111,319,,828,,33,,,,,,,,,,,,,
Eastern,Yilo Krobo,2019,major,8853,15,12793,1479,820,,594,,22,,,,,,,,,,,,,
Eastern,Abuakwa North,2019,major,2917,18,4511,237,1126,,2514,,,,,,,,,,,,,,,
Eastern,Abuakwa South,2019,major,2917,18,4511,237,1126,,2514,,,,,,,,,,,,,,,
Eastern,Atiwa East,2019,major,1951,75,2666,145,1058,,2408,,,,,,,,,,,,,,,
Eastern,Atiwa West,2019,major,4552,175,6220,338,2469,,5618,,,,,,,,,,,,,,,
Eastern,Kwaebibirem,2019,major,3752,703,5755,160,1573,,3413,,,,,,,,,,,,,,,
Eastern,Denkyembour,2019,major,2699,496,3895,113,1105,,2417,,,,,,,,,,,,,,,
Eastern,Birim North,2019,major,4195,1061,5795,720,923,,4411,,,,,,,,,,,,,,,
Eastern,Akyemansa,2019,major,6079,1083,8362,1003,1310,,6303,,,,,,,,,,,,,,,
Eastern,Okere,2019,major,4496,0,6771,68,152,,802,,,,,,,,,,,,,,,
Eastern,Kwahu West,2019,major,3994,105,9327,1322,1078,,2427,,,,,,,,,,,,,,,
Eastern,Kwahu South,2019,major,4273,0,7131,576,493,,4454,,22,,700,,,,,,,,,,,
Eastern,Kwahu East,2019,major,3187,0,6164,549,470,,3002,,11,,676,,,,,,,,,,,
Eastern,Fanteakwa North,2019,major,8461,17,10537,1243,3769,,6801,,306,,182,,,,,,,,,,,
Eastern,Fanteakwa South,2019,major,8461,17,10537,1243,3769,,6801,,306,,182,,,,,,,,,,,
Eastern,Asene-Manso-Akroso,2019,major,4174,1174,4815,248,1177,,2454,,,,,,,,,,,,,,,
Eastern,Kwahu Afram Plains North,2019,major,12133,47,10149,12394,16,,61,,372,,2926,,,,,,,,,,,
Eastern,Kwahu Afram Plains South,2019,major,14767,57,12353,14937,21,,73,,448,,3531,,,,,,,,,,,
Eastern,Asuogyaman,2019,major,8823,0,12895,1631,35,,880,,,,,,,,,,,,,,,
Eastern,Lower Manya Krobo,2019,major,5178,869,4981,624,51,,246,,32,,,,,,,,,,,,,
Eastern,Upper Manya Krobo,2019,major,8040,1197,7807,899,77,,384,,57,,,,,,,,,,,,,
Ashanti, Bekwai (Amansie East) ,2019,major,3601,112,,4712,685,1355,3743,,,,,,,,,,,,,,,
Ashanti, Bosome Freho ,2019,major,2461,435,,2659,294,1616,4886,,,,,,,,,,,,,,,
Ashanti, Amansie Central ,2019,major,2391,23,,3878,597,726,2741,,,,,,,,,,,,,,,
Ashanti, Amansie West ,2019,major,2931,73,,4085,720,1398,3954,,,,,,,,,,,,,,,
Ashanti, Amansie South ,2019,major,2391,29,,3888,597,726,2741,,,,,,,,,,,,,,,
Ashanti, Ejura Sekyedumase ,2019,major,21966,3917,,3965,11219,35,1082,,6343,,4508,,,,,,,,,,,
Ashanti, Mampong (Sekyere West)  ,2019,major,9943,54,,8354,6385,1041,1815,,556,,362,,,,,,,,,,,
Ashanti, Sekyere Central ,2019,major,7122,92,,6771,2954,1408,2971,,421,,194,,,,,,,,,,,
Ashanti, Sekyere East ,2019,major,6302,207,,4557,2759,624,1749,,19,,71,,,,,,,,,,,
Ashanti, Sekyere Afram Plains (North) ,2019,major,1311,59,,904,451,672,926,,39,,37,,,,,,,,,,,
Ashanti, Sekyere South ,2019,major,6602,135,,5452,1352,2315,2746,,,,53,,,,,,,,,,,
Ashanti, Sekyere Kumawu ,2019,major,1336,59,,904,451,672,943,,39,,37,,,,,,,,,,,
Ashanti, Afigya Kwabre ,2019,major,1801,118,,2298,477,1312,1274,,,,16,,,,,,,,,,,
Ashanti, Afigya Kwabre North ,2019,major,1801,118,,2308,477,1312,1291,,,,16,,,,,,,,,,,
Ashanti, Ahafo Ano North ,2019,major,9603,511,,7967,920,6935,7014,,120,,,,,,,,,,,,,
Ashanti, Ahafo Ano South East ,2019,major,4171,481,,6643,274,4927,4140,,,,,,,,,,,,,,,
Ashanti, Ahafo Ano South West ,2019,major,4196,487,,6653,274,4927,4122,,,,,,,,,,,,,,,
Ashanti, Atwima Mponua ,2019,major,3601,1070,,5319,618,6988,8949,,,,,,,,,,,,,,,
Ashanti, Atwima Nwabiagya ,2019,major,3361,333,,3724,779,2806,2581,,14,,14,,,,,,,,,,,
Ashanti, Atwima Nwabiagya North ,2019,major,3361,333,,3734,779,2806,2598,,14,,14,,,,,,,,,,,
Ashanti, Ejusu  ,2019,major,1110,222,,2137,159,811,1176,,,,,,,,,,,,,,,
Ashanti, Juaben ,2019,major,2591,519,,4987,370,1893,2760,,,,,,,,,,,,,,,
Ashanti, Bosumtwe ,2019,major,2101,236,,2914,485,501,1975,,,,,,,,,,,,,,,
Ashanti, Atwima Kwanwoma ,2019,major,2361,330,,3751,552,628,1527,,,,,,,,,,,,,,,
Ashanti, Kwabre East ,2019,major,900,142,,4958,267,1996,2017,,,,,,,,,,,,,,,
Ashanti, Offinso ,2019,major,9363,226,,4665,435,864,2609,,198,,201,,,,,,,,,,,
Ashanti, Offinso North ,2019,major,12223,355,,8148,1214,987,4775,,274,,579,,,,,,,,,,,
Ashanti, Adansi North ,2019,major,2101,224,,3826,374,554,2494,,,,,,,,,,,,,,,
Ashanti, Obuasi (Adansi West) ,2019,major,280,23,,137,189,159,318,,,,,,,,,,,,,,,
Ashanti, Obuasi East ,2019,major,280,23,,127,189,159,336,,,,,,,,,,,,,,,
Ashanti, Akrofuom ,2019,major,280,26,,137,189,159,336,,,,,,,,,,,,,,,
Ashanti, Adansi  South (East) ,2019,major,3821,2395,,7824,921,2437,3451,,,,,,,,,,,,,,,
Ashanti, Adansi Asokwa ,2019,major,2101,224,,3836,374,554,2512,,,,,,,,,,,,,,,
Ashanti, Asante Akim Central ,2019,major,4301,240,,2451,300,1385,3645,,,,,,,,,,,,,,,
Ashanti, Asante Akim North ,2019,major,11223,560,,5647,1208,1321,11846,,65,,,,,,,,,,,,,
Ashanti, Asante Akim South ,2019,major,6882,504,,8219,363,7996,7604,,,,,,,,,,,,,,,
Ashanti, K. M. A. ,2019,major,1,0,,2,0,0,5,,,,,,,,,,,,,,,
Ashanti, Oforikrom ,2019,major,1,0,,2,0,0,5,,,,,,,,,,,,,,,
Ashanti, Kwadaso ,2019,major,84,29,,137,2,2,322,,,,,,,,,,,,,,,
Ashanti, Old Tafo ,2019,major,24,8,,39,1,1,92,,,,,,,,,,,,,,,
Ashanti, Asokwa ,2019,major,2,1,,4,0,0,9,,,,,,,,,,,,,,,
Ashanti, Suame ,2019,major,43,15,,70,1,1,166,,,,,,,,,,,,,,,
Ashanti, Asokore Mampong ,2019,major,84,29,,137,2,2,322,,,,,,,,,,,,,,,
Bono, Sunyani  ,2019,major,18634,102,-,6893,342,2452,5214,,4,,,,,,,,,,,,,
Bono, Sunyani West  ,2019,major,24164,985,-,6039,263,1025,3899,,,,,,,,,,,,,,,
Bono, Wenchi  ,2019,major,14617,105,88,6899,9500,29,995,,909,,561,,,,,,,,,,,
Bono, Dormaa Central ,2019,major,10634,820,-,6883,391,1565,2191,,,,,,,,,,,,,,,
Bono, Dormaa West  ,2019,major,12300,1070,-,4531,2784,2123,5363,,,,,,,,,,,,,,,
Bono, Dormaa East  ,2019,major,8632,-,-,6782,595,1460,4868,,,,,,,,,,,,,,,
Bono, Berekum  ,2019,major,8609,24,-,6218,798,2837,2531,,,,,,,,,,,,,,,
Bono, Berekum West ,2019,major,8138,27,-,4085,702,3012,1902,,,,,,,,,,,,,,,
Bono, Jaman North  ,2019,major,4477,101,-,4487,5479,878,420,,,,,,,,,,,,,,,
Bono, Jaman South  ,2019,major,4226,9,-,4112,1194,2527,1020,,,,,,,,,,,,,,,
Bono, Tain  ,2019,major,2446,8,-,9015,6025,67,1165,,455,,600,,,,,,,,,,,
Bono, Banda  ,2019,major,2521,642,-,6121,6924,-,30,,225,,1502,,,,,,,,,,,
Bono East, Sene West  ,2019,major,2052,1210,110,655,15715,,120,,,,1567,,,,,,,,,,,
Bono East, Sene East  ,2019,major,1359,926,,1087,11355,,,,,,1972,,,,,,,,,,,
Bono East, Nkoranza South  ,2019,major,22000,1082,20,9200,9500,,512,,101,,1850,,,,,,,,,,,
Bono East, Nkoranza North  ,2019,major,22339,34,74,4826,10117,-,380,,,,1560,,,,,,,,,,,
Bono East, Techiman  ,2019,major,7604,4,15,4515,6749,1121,1671,,189,,312,,,,,,,,,,,
Bono East, Techiman North  ,2019,major,5707,6,,6909,4012,97,281,,315,,112,,,,,,,,,,,
Bono East, Kintampo North  ,2019,major,18000,859,2072,7917,12793,,,,2511,,2900,,,,,,,,,,,
Bono East, Kintampo South  ,2019,major,11786,0,,5973,11377,-,16,,1059,,2726,,,,,,,,,,,
Bono East, Atebubu -Amantin  ,2019,major,4725,1021,70,16630,16061,,25,,1408,,293,,,,,,,,,,,
Bono East, Pru East ,2019,major,2116,982,52,6780,6928,,,,846,,1126,,,,,,,,,,,
Bono East, Pru West ,2019,major,1324,1003, -   ,6820,7809,,,,928,,869,,,,,,,,,,,
Ahafo,  Asutifi North  ,2019,major,2945,595, -   ,8672,-,5380,5123,,,,,,,,,,,,,,,
Ahafo,  Asutifi South  ,2019,major,3650,781, -   ,6510,-,3110,7234,,,,,,,,,,,,,,,
Ahafo,  Tano North  ,2019,major,7026,220, -   ,6850,380,1864,5320,,,,,,,,,,,,,,,
Ahafo,  Tano South  ,2019,major,11500,420, -   ,10815,1700,2000,5675,,,,,,,,,,,,,,,
Ahafo,  Asunafo North  ,2019,major,5644,284, -   ,6710,111,7501,16302,,,,,,,,,,,,,,,
Ahafo,  Asunafo South  ,2019,major,218,284, -   ,14352,39,9305,14920,,,,,,,,,,,,,,,
Northern,Kpandai,2019,major,1836,1530,4141,8602,21210,,,117,657,3570,2020,,,,,,,,,,,
Northern,Gushiegu,2019,major,7140,3570,3308,4838,3939,,,3060,2535,4977,5393,,,,,,,,,,,
Northern,Karaga,2019,major,7472,4651,2020,1010,1667,,,2374,1515,4692,3384,,,,,,,,,,,
Northern,Nanumba North,2019,major,6790,1785,3420,11827,16160,,,2147,1111,5431,4656,,,,,,,,,,,
Northern,Nanumba South,2019,major,6630,1275,5060,9949,16009,,,1166,3535,2040,3737,,,,,,,,,,,
Northern,Saboba,2019,major,2263,895,3272,586,6060,,,2162,1364,2372,3277,,,,,,,,,,,
Northern,Savelugu,2019,major,7363,6685,2121,2006,5858,,,1122,4040,4080,6868,,,,,,,,,,,
Northern,Nanton,2019,major,3681,3342,1061,1003,2929,,,561,2020,2040,3434,,,,,,,,,,,
Northern,Tamale Metro,2019,major,6326,6932,1626,1586,6060,,,857,1808,1785,184,,,,,,,,,,,
Northern,Sagnerigu,2019,major,5375,1522,424,354,303,,,71,505,510,389,,,,,,,,,,,
Northern,Tolon,2019,major,8861,7650,3838,4848,5517,,,1989,3646,3468,4242,,,,,,,,,,,
Northern,Kumbungu,2019,major,5797,5330,1313,965,1157,,,964,616,1122,970,,,,,,,,,,,
Northern,Yendi,2019,major,6402,6761,3298,4697,8080,,,3963,3535,5560,5555,,,,,,,,,,,
Northern,Mion,2019,major,5845,5457,4505,3897,5555,,,3240,2626,5611,4242,,,,,,,,,,,
Northern,Tatale Sanguli,2019,major,5375,2940,4040,5252,12120,,,4295,1010,969,3434,,,,,,,,,,,
Northern,Zabzugu,2019,major,5835,2550,4321,4510,14140,,,4896,657,510,4545,,,,,,,,,,,112
Savanna,Bole,2019,major,5426,874,2475,3636,6464,,,714,1010,1020,1818,,,,,,,,,,,
Savanna,Central Gonja,2019,major,4651,2856,556,4293,5050,,,357,540,765,4545,,,,,,,,,,,51
Savanna,East Gonja,2019,major,6120,4631,354,8939,19731,,,918,1616,2265,4495,,,,,,,,,,,262
Savanna,Sawla/Tuna/Kalba,2019,major,7905,1279,4596,1111,1212,,,4506,2121,663,4406,,,,,,,,,,,500
Savanna,West Gonja,2019,major,5610,1142,2980,14645,6060,,,1275,2323,1653,5385,,,,,,,,,,,60
Savanna,North Gonja,2019,major,3264,1550,1100,1200,980,,,1024,1023,1320,1717,,,,,,,,,,,920
Upper East,Builsa North,2019,major,2100,5790,5400,,,,,6080,1175,900,5670,,,,,,,,,,,998
Upper East,Builsa South,2019,major,975,1450,600,,,,,490,1280,590,850,,,,,,,,,,,
Upper East,Kassena Nankana Municipal,2019,major,3442,5510,2690,,,,,1320,898,918,2489,,,,,,,,,,,655
Upper East,Kassena Nankana West,2019,major,3120,2500,3542,,,,,854,600,900,2647,,,,,,,,,,,860
Upper East,Bolgatanga Municipal,2019,major,2778,3498,1067,,,,,2234,400,212,2641,,,,,,,,,,,60
Upper East,Bolgatanga East,2019,major,2345,1559,2690,,,,,1198,400,240,2450,,,,,,,,,,,1338
Upper East,Bawku Municipal,2019,major,9070,2350,1940,,,,,1520,1600,1250,180,,,,,,,,,,,
Upper East,Binduri,2019,major,9620,1415,600,,,,,152,530,610,390,,,,,,,,,,,
Upper East,Pusiga,2019,major,2700,1800,2450,,,,,1650,1150,1630,750,,,,,,,,,,,
Upper East,Bawku West,2019,major,8040,3676,6812,,,,,6913,5551,3833,3839,,,,,,,,,,,
Upper East,Bongo,2019,major,2132,1325,5580,,,,,5143,1017,565,4950,,,,,,,,,,,
Upper East,Garu ,2019,major,7320,2640,6000,,,,,3200,2400,1040,1900,,,,,,,,,,,
Upper East,Tempane,2019,major,9190,3906,7250,,,,,4120,3066,1320,2400,,,,,,,,,,,
Upper East,Nabdam,2019,major,2900,1600,4385,,,,,2500,60,280,1500,,,,,,,,,,,
Upper East,Talensi,2019,major,8686,3745,6316,,,,,5214,4309,3305,6536,,,,,,,,,,,
Upper West,Wa West,2019,major,7483,1249,5552,,2656,,,4337,5143,4226,35776,,,,,,,,,,,
Upper West,Wa East,2019,major,10717,330,5323,,2875,,,3626,5408,3769,18586,,,,,,,,,,,
Upper West,Wa Municipal,2019,major,8136,504,5620,,2827,,,3476,4788,3633,23336,,,,,,,,,,,
Upper West,Lawra,2019,major,6999,256,17471,,2485,,,5677,517,293,5127,,,,,,,,,,,
Upper West,Sissala East,2019,major,11129,394,6021,,6197,,,4074,1992,1440,11610,,,,,,,,,,,
Upper West,Sissala West,2019,major,10350,333,5896,,5059,,,3414,11019,240,13337,,,,,,,,,,,
Upper West,Jirapa,2019,major,5150,740,5271,,2448,,,3672,7669,249,21500,,,,,,,,,,,
Upper West,Lambussie-Karni,2019,major,7009,294,5513,,2787,,,5436,5178,265,9940,,,,,,,,,,,
Upper West,Nadowli,2019,major,5328,572,12216,,3789,,,5506,10854,299,7202,,,,,,,,,,,
Upper West,Dafiama-Bussie-Issa,2019,major,9352,2850,7774,,5994,,,5815,12021,548,5037,,,,,,,,,,,
Upper West,Nandom,2019,major,5228,593,8209,,2425,,,3376,516,527,5972,,,,,,,,,,,
